Mesh Name, Process Avg Time
mesh0,37.064
mesh1,33.38
mesh10,29.889
mesh100,1.974
mesh101,1.882
mesh102,1.115
mesh103,0.395
mesh104,0.821
mesh105,2.987
mesh106,0.79
mesh107,1.042
mesh108,0.229
mesh109,3.586
mesh11,53.691
mesh110,2.059
mesh111,0.854
mesh112,0.804
mesh113,0.865
mesh114,1.039
mesh115,2.631
mesh116,0.384
mesh117,0.159
mesh118,1.732
mesh119,2.596
mesh12,55.541
mesh120,1.999
mesh121,1.857
mesh122,0.417
mesh123,0.988
mesh124,1.232
mesh125,0.811
mesh126,1.973
mesh127,1.015
mesh128,0.52
mesh129,2.392
mesh13,30.685
mesh130,3.241
mesh131,2.512
mesh132,0.469
mesh133,2.603
mesh134,1.211
mesh135,1.587
mesh136,1.352
mesh137,1.541
mesh138,0.348
mesh139,1.408
mesh14,59.587
mesh140,1.76
mesh141,1.769
mesh142,0.689
mesh143,0.749
mesh144,3.066
mesh145,2.136
mesh146,0.537
mesh147,2.975
mesh148,2.191
mesh149,1.296
mesh15,39.078
mesh150,1.31
mesh151,0.63
mesh152,0.516
mesh153,2.826
mesh154,0
mesh155,2.173
mesh156,5.614
mesh157,13.951
mesh158,1.418
mesh159,1.049
mesh16,60.268
mesh160,1.705
mesh161,0.292
mesh162,0.569
mesh163,0.679
mesh164,0.338
mesh165,0.784
mesh166,0.397
mesh167,2.02
mesh168,0.962
mesh169,0.695
mesh17,30.455
mesh170,1.264
mesh171,0.809
mesh172,1.972
mesh173,4.635
mesh174,2.571
mesh175,1.741
mesh176,0.341
mesh177,0.317
mesh178,0.411
mesh179,0.347
mesh18,59.309
mesh180,1.588
mesh181,0.8
mesh182,0.471
mesh183,1.036
mesh184,0
mesh185,0.457
mesh186,0.618
mesh187,0.513
mesh188,3.924
mesh189,0.718
mesh19,30.779
mesh190,4.621
mesh191,1.292
mesh192,1.258
mesh193,0.968
mesh194,1.151
mesh195,0.356
mesh196,0.221
mesh197,0.714
mesh198,0.454
mesh199,0.304
mesh2,30.766
mesh20,31.926
mesh200,1.358
mesh201,1.528
mesh202,0.48
mesh203,1.312
mesh204,0.675
mesh205,0.646
mesh206,2.403
mesh207,5.272
mesh208,9.858
mesh209,2.134
mesh21,59.243
mesh210,8.844
mesh211,0.722
mesh212,2.705
mesh213,2.314
mesh214,0.639
mesh215,14.51
mesh216,1.9
mesh217,3.379
mesh218,5.318
mesh219,5.981
mesh22,18.532
mesh220,13.245
mesh221,5.901
mesh222,39.08
mesh223,35.914
mesh224,3.589
mesh225,5.898
mesh226,6.209
mesh227,0.983
mesh228,6.516
mesh229,1.696
mesh23,58.409
mesh230,9.094
mesh231,8.487
mesh232,13.264
mesh233,20.929
mesh234,1.579
mesh235,10.651
mesh236,4.469
mesh237,5.549
mesh238,8.077
mesh239,20.953
mesh24,33.153
mesh240,5.551
mesh241,1.701
mesh242,2.844
mesh243,8.454
mesh244,7.77
mesh245,1.244
mesh246,4.259
mesh247,5.337
mesh248,6.171
mesh249,5.338
mesh25,67.93
mesh250,8.437
mesh251,1.631
mesh252,1.184
mesh253,1.752
mesh254,7.89
mesh255,1.103
mesh256,4.281
mesh257,4.694
mesh258,3.174
mesh259,5.317
mesh26,59.57
mesh260,3.455
mesh261,8.193
mesh262,1.857
mesh263,0.812
mesh264,1.413
mesh265,4.652
mesh266,0.949
mesh267,5.389
mesh268,0.319
mesh269,0.778
mesh27,59.505
mesh270,7.048
mesh271,2.555
mesh272,1.477
mesh273,1.906
mesh274,2.653
mesh275,2.317
mesh276,0.963
mesh277,6.855
mesh278,2.202
mesh279,1.686
mesh28,30.54
mesh280,1.7
mesh281,2.971
mesh282,0.699
mesh283,2.455
mesh284,0.827
mesh285,0.758
mesh286,1.928
mesh287,0.304
mesh288,6.852
mesh289,0
mesh29,31.844
mesh290,0
mesh291,0
mesh292,0
mesh293,0
mesh294,0
mesh295,0
mesh296,0
mesh297,0
mesh298,0
mesh3,38.932
mesh30,31.577
mesh31,30.734
mesh32,134.056
mesh33,15.559
mesh34,39.843
mesh35,34.539
mesh36,34.449
mesh37,33.938
mesh38,30.29
mesh39,45.886
mesh4,31.241
mesh40,31.347
mesh41,30.744
mesh42,14.935
mesh43,65.581
mesh44,66.557
mesh45,33.479
mesh46,6.498
mesh47,0.488
mesh48,0.194
mesh49,4.062
mesh5,40.221
mesh50,2.309
mesh51,2.412
mesh52,2.789
mesh53,0.52
mesh54,1.023
mesh55,1.022
mesh56,4.36
mesh57,4.338
mesh58,0.595
mesh59,0.316
mesh6,39.58
mesh60,5.181
mesh61,0.568
mesh62,4.873
mesh63,0.535
mesh64,2.075
mesh65,37.089
mesh66,2.561
mesh67,1.36
mesh68,1.546
mesh69,6.261
mesh7,87.585
mesh70,5.068
mesh71,1.579
mesh72,1.425
mesh73,0.417
mesh74,4.276
mesh75,2.403
mesh76,1.617
mesh77,0.698
mesh78,2.31
mesh79,5.112
mesh8,39.182
mesh80,4.616
mesh81,1.833
mesh82,1.732
mesh83,1.205
mesh84,0.34
mesh85,1.634
mesh86,2.322
mesh87,1.684
mesh88,3.198
mesh89,1.767
mesh9,39.218
mesh90,2.282
mesh91,0.524
mesh92,1.457
mesh93,1.206
mesh94,0.802
mesh95,0.908
mesh96,0.384
mesh97,1.419
mesh98,1.73
mesh99,1.345
